Run ID,Name,Source Type,Source Name,User,Status,activation,epochs,input_shape,last_activation,loss_function,lr,optimizer,accuracy,average_acc,average_loss,binary_loss,validation_acc,validation_loss
335b663c62574802b0d5b852f6cb4464,,LOCAL,/home/olivier/M1/ML/projet/4aibd-s1-project-ml/default/apps/src/mModel/main.py,olivier,FINISHED,<function elu at 0x7f237afbd488>,25,3072,<function softmax at 0x7f237afbd378>,<function logcosh at 0x7f237b0136a8>,0.03648300799786408,adam,0.4435400001716614,0.4403,0.0319540112555027,0.031827301981449126,0.4403000007152557,0.03195401110053062
739a308c802e4ca384c3af66523afd55,,LOCAL,/home/olivier/M1/ML/projet/4aibd-s1-project-ml/default/apps/src/mModel/main.py,olivier,FINISHED,<function linear at 0x7f7137606950>,25,3072,<function softmax at 0x7f7137606378>,<function binary_crossentropy at 0x7f713765c840>,0.06602762589759464,<keras.optimizers.SGD object at 0x7f71ac3d4e80>,0.8204280177307129,0.820560017490387,2.8764659488677977,2.8785820513916014,0.8205599843025208,2.876466017913818
772ffea4715f416aaf9880f5e4f108c9,,LOCAL,/home/olivier/M1/ML/projet/4aibd-s1-project-ml/default/apps/src/mModel/main.py,olivier,FINISHED,<function relu at 0x7fcca7d166a8>,25,3072,<function sigmoid at 0x7fcca7d167b8>,<function mean_squared_error at 0x7fcca7d6c2f0>,0.0470342537030973,<keras.optimizers.SGD object at 0x7fcd1cae4e80>,0.3811,0.3775,0.0752088672876358,0.07492317250728607,0.3775,0.07520886766910553
b6a85b3349d246ed9604b07e443db2aa,,LOCAL,/home/olivier/M1/ML/projet/4aibd-s1-project-ml/default/apps/src/mModel/main.py,olivier,FINISHED,<function relu at 0x7fcf6366f6a8>,25,3072,<function softmax at 0x7fcf6366f378>,<function logcosh at 0x7fcf636c56a8>,0.0475468443819501,Nadam,0.42079999991416933,0.4243,0.032561307913064955,0.03267514512181282,0.4242999982833862,0.03256130781173706
9210e06b410a4cd98d4781a292a29ec5,,LOCAL,/home/olivier/M1/ML/projet/4aibd-s1-project-ml/default/apps/src/mModel/main.py,olivier,FINISHED,<function relu at 0x7fcc135836a8>,25,3072,<function sigmoid at 0x7fcc135837b8>,<function mean_squared_error at 0x7fcc135d92f0>,0.06958516088568088,Nadam,0.1,0.1,0.10000000149011612,0.10000000149011612,0.1,0.10000000149011612
28d65ab9352f4236906c537b78a2357f,,LOCAL,/home/olivier/M1/ML/projet/4aibd-s1-project-ml/default/apps/src/mModel/main.py,olivier,FINISHED,<function elu at 0x7f76e2732488>,25,3072,<function softmax at 0x7f76e2732378>,<function binary_crossentropy at 0x7f76e2788840>,0.06383653676062438,Nadam,0.9181519876670837,0.9157599847793579,0.22061579174995422,0.21282835787296295,0.9157599925041199,0.22061579129695894
89a45a58331541558ea04a482afa86b9,,LOCAL,/home/olivier/M1/ML/projet/4aibd-s1-project-ml/default/apps/src/mModel/main.py,olivier,FINISHED,<function elu at 0x7fa827570488>,25,3072,<function softmax at 0x7fa827570378>,<function categorical_crossentropy at 0x7fa8275c6730>,0.09249894915616581,<keras.optimizers.SGD object at 0x7fa89c33ee80>,0.516119999961853,0.4978,1.4089221698760985,1.3384406125640869,0.4978,1.4089221714019775
617ea4ebebfe485e8def74766feeb381,,LOCAL,/home/olivier/M1/ML/projet/4aibd-s1-project-ml/default/apps/src/mModel/main.py,olivier,FINISHED,<function linear at 0x7f9c2ede2950>,25,3072,<function softmax at 0x7f9c2ede2378>,<function categorical_crossentropy at 0x7f9c2ee38730>,0.016507405893786343,adam,0.5118399999332428,0.4857,1.4586413347244263,1.3600760932540894,0.4857000003814697,1.4586413427352904
678985a173334f8d8d317102df29d8f0,,LOCAL,/home/olivier/M1/ML/projet/4aibd-s1-project-ml/default/apps/src/mModel/main.py,olivier,FINISHED,<function relu at 0x7fdace6906a8>,25,3072,<function sigmoid at 0x7fdace6907b8>,<function binary_crossentropy at 0x7fdace6e6840>,0.08022930685032387,<keras.optimizers.SGD object at 0x7fdb4345ee80>,0.9093379783630371,0.9070299768447876,0.24331294441223145,0.23724755402565004,0.9070299783706665,0.24331294231414796
2f64a84e9f764236baac205dd9761b12,,LOCAL,/home/olivier/M1/ML/projet/4aibd-s1-project-ml/default/apps/src/mModel/main.py,olivier,FINISHED,<function linear at 0x7fadb3e7f950>,25,3072,<function sigmoid at 0x7fadb3e7f7b8>,<function binary_crossentropy at 0x7fadb3ed5840>,0.08587439127379302,RMSprop,0.9242159830474853,0.9176999855041504,0.21200316858291626,0.19443237587928772,0.9176999845504761,0.21200305790901183
20b90366f3b940b7b58a49eaa587553b,,LOCAL,/home/olivier/M1/ML/projet/4aibd-s1-project-ml/default/apps/src/mModel/main.py,olivier,FINISHED,<function relu at 0x7f452bcad6a8>,25,3072,<function softmax at 0x7f452bcad378>,<function logcosh at 0x7f452bd036a8>,0.0010978978338194087,adam,0.10154,0.1,0.07807756583690643,0.07789740764141083,0.1,0.0780775661945343
ecef6ef8eb7947ea832bc6ae695cdf50,,LOCAL,/home/olivier/M1/ML/projet/4aibd-s1-project-ml/default/apps/src/mModel/main.py,olivier,FINISHED,<function relu at 0x7f766cd166a8>,25,3072,<function softmax at 0x7f766cd16378>,<function mean_squared_error at 0x7f766cd6c2f0>,0.005348912178179823,<keras.optimizers.SGD object at 0x7f76e1ae4e48>,0.135,0.1325,0.08871832393407822,0.08886184904813767,0.1325,0.08871832395792008
38d452fbeae24c1291b497dd30d49202,,LOCAL,/home/olivier/M1/ML/projet/4aibd-s1-project-ml/default/apps/src/mModel/main.py,olivier,FINISHED,<function linear at 0x7f1a5a342950>,25,3072,<function softmax at 0x7f1a5a342378>,<function categorical_crossentropy at 0x7f1a5a398730>,0.030586317784901416,<keras.optimizers.SGD object at 0x7f1acf110e80>,0.3502800002193451,0.3569,1.784051192855835,1.7894404287338257,0.3569000009059906,1.784051222229004
8ab23621df354d57a9e62bb7fab0da1f,,LOCAL,/home/olivier/M1/ML/projet/4aibd-s1-project-ml/default/apps/src/mModel/main.py,olivier,FINISHED,<function linear at 0x7f546328f950>,25,3072,<function sigmoid at 0x7f546328f7b8>,<function logcosh at 0x7f54632e56a8>,0.03544445367007187,adam,0.54874,0.5156,0.028830549430847167,0.02691573654770851,0.5156,0.028830549484491347
a7277c5d5f1a4e75a36ae11875b423e5,,LOCAL,/home/olivier/M1/ML/projet/4aibd-s1-project-ml/default/apps/src/mModel/main.py,olivier,FINISHED,<function elu at 0x7fdf38a6f488>,25,3072,<function sigmoid at 0x7fdf38a6f7b8>,<function categorical_crossentropy at 0x7fdf38ac5730>,0.016498743591884846,adam,0.4627399997806549,0.4404,1.55674704246521,1.4919476943588257,0.4404000002384186,1.5567470251083375
db2ec52ac0bc4e5cb94d2d71fd13820f,,LOCAL,/home/olivier/M1/ML/projet/4aibd-s1-project-ml/default/apps/src/mModel/main.py,olivier,FINISHED,<function linear at 0x7fef3169d950>,25,3072,<function softmax at 0x7fef3169d378>,<function binary_crossentropy at 0x7fef316f3840>,0.005813207908078439,adam,0.9082240310668945,0.9080999772071838,0.24528842439651488,0.24491296691417694,0.908100064086914,0.24528842568397521
c40a7e6784eb42af81ea2b057f6d544f,,LOCAL,/home/olivier/M1/ML/projet/4aibd-s1-project-ml/default/apps/src/mModel/main.py,olivier,FINISHED,<function relu at 0x7f2abfe246a8>,25,3072,<function sigmoid at 0x7f2abfe247b8>,<function mean_squared_error at 0x7f2abfe7a2f0>,0.07283580087759706,adam,0.5437999999809265,0.5182,0.06238185595273971,0.059452200583219525,0.5182,0.062381856286525726
765d61df1b634b6289aa9cf9eca55c72,,LOCAL,/home/olivier/M1/ML/projet/4aibd-s1-project-ml/default/apps/src/mModel/main.py,olivier,FINISHED,<function relu at 0x7f1e119036a8>,25,3072,<function sigmoid at 0x7f1e119037b8>,<function categorical_crossentropy at 0x7f1e11959730>,0.05060282064979987,Nadam,0.45475999987602234,0.4536,1.5201001670837402,1.504140875854492,0.4536000000476837,1.5201001867294313
38bf6d6c8152449793578c6bcd263e89,,LOCAL,/home/olivier/M1/ML/projet/4aibd-s1-project-ml/default/apps/src/mModel/main.py,olivier,FINISHED,<function elu at 0x7f4db1d6a488>,25,3072,<function sigmoid at 0x7f4db1d6a7b8>,<function categorical_crossentropy at 0x7f4db1dc0730>,0.05542512929245532,<keras.optimizers.SGD object at 0x7f4e26b38e80>,0.09999999998092651,0.1,3.5893115467071532,3.5893115521240233,0.09999999992847443,3.5893115745544435
e2dac3febc0c4706b35ed4dec64e522b,,LOCAL,/home/olivier/M1/ML/projet/4aibd-s1-project-ml/default/apps/src/mModel/main.py,olivier,FINISHED,<function linear at 0x7f0a64a9e950>,25,3072,<function softmax at 0x7f0a64a9e378>,<function binary_crossentropy at 0x7f0a64af4840>,0.0945587747056516,Nadam,0.910944029712677,0.9100599801063538,0.23969452693462373,0.23529925895214082,0.9100600232124328,0.23969451951980592
604ef2daa5c442e8a201d09c45980969,,LOCAL,/home/olivier/M1/ML/projet/4aibd-s1-project-ml/default/apps/src/mModel/main.py,olivier,FINISHED,<function linear at 0x7fb5235d2950>,25,3072,<function sigmoid at 0x7fb5235d27b8>,<function binary_crossentropy at 0x7fb523628840>,0.059269635876835494,RMSprop,0.9047700248718261,0.9042599758148193,0.25569229321479797,0.2549142990684509,0.9042600207328796,0.2556922955513001
92388e0a4721412e9ffe2346c1f0e2bc,,LOCAL,/home/olivier/M1/ML/projet/4aibd-s1-project-ml/default/apps/src/mModel/main.py,olivier,FINISHED,<function linear at 0x7f0e2aa72950>,25,3072,<function sigmoid at 0x7f0e2aa727b8>,<function mean_squared_error at 0x7f0e2aac82f0>,0.041203985869120024,Nadam,0.09890000001430511,0.1,0.10000000149011612,0.12606410287857056,0.1,0.10000000894069672
f80ba35831554f358e5e17b3015e9c57,,LOCAL,/home/olivier/M1/ML/projet/4aibd-s1-project-ml/default/apps/src/mModel/main.py,olivier,FINISHED,<function relu at 0x7fd354a686a8>,25,3072,<function sigmoid at 0x7fd354a687b8>,<function categorical_crossentropy at 0x7fd354abe730>,0.034783236340790814,Nadam,0.3694400000190735,0.4024,1.5660674324035644,1.6902587957763673,0.4024,1.5660674362182616
617c38867fe444b0a6e52fcd736bbeb2,,LOCAL,/home/olivier/M1/ML/projet/4aibd-s1-project-ml/default/apps/src/mModel/main.py,olivier,FINISHED,<function linear at 0x7fe6c7ccf950>,25,3072,<function sigmoid at 0x7fe6c7ccf7b8>,<function binary_crossentropy at 0x7fe6c7d25840>,0.049959695598938696,adam,0.900172037525177,0.9012999805450439,0.2737452933311462,0.29446097850799563,0.9013000386238098,0.27374529895782473
f3c178db80264e848d271415aba620e1,,LOCAL,/home/olivier/M1/ML/projet/4aibd-s1-project-ml/default/apps/src/mModel/main.py,olivier,FINISHED,<function relu at 0x7fe05b1386a8>,25,3072,<function softmax at 0x7fe05b138378>,<function categorical_crossentropy at 0x7fe05b18e730>,0.05980025510512324,Nadam,0.4030599997997284,0.4019,1.644418808364868,1.6503993160247803,0.4018999991416931,1.6444188425064088
46c3ffd0ac694190a7d0a92a5ee8b2ea,,LOCAL,/home/olivier/M1/ML/projet/4aibd-s1-project-ml/default/apps/src/mModel/main.py,olivier,FINISHED,<function elu at 0x7f1f4619c488>,25,3072,<function sigmoid at 0x7f1f4619c7b8>,<function mean_squared_error at 0x7f1f461f22f0>,0.003815230161297036,adam,0.4552999999809265,0.4558,0.06880851418972016,0.06849862474918365,0.45579999990463255,0.06880851287841797
7b35c83136884ed785d3484c595d5fc1,,LOCAL,/home/olivier/M1/ML/projet/4aibd-s1-project-ml/default/apps/src/mModel/main.py,olivier,FINISHED,<function linear at 0x7fbef010f950>,25,3072,<function sigmoid at 0x7fbef010f7b8>,<function logcosh at 0x7fbef01656a8>,0.01909245698315887,RMSprop,0.48304000002861025,0.4747,0.030783821493387223,0.030197058111429215,0.47469999980926514,0.030783821529150008
803a06088a6e46c1a217172190d5a667,,LOCAL,/home/olivier/M1/ML/projet/4aibd-s1-project-ml/default/apps/src/mModel/main.py,olivier,FINISHED,<function elu at 0x7f5949a62488>,25,3072,<function softmax at 0x7f5949a62378>,<function binary_crossentropy at 0x7f5949ab8840>,0.06509226636486147,adam,0.9033640206909179,0.9062399753570557,0.24765401740074158,0.25865706993103027,0.9062400223731994,0.2476540199279785
2ac8aec151c64e35b8e40e96f7279058,,LOCAL,/home/olivier/M1/ML/projet/4aibd-s1-project-ml/default/apps/src/mModel/main.py,olivier,FINISHED,<function linear at 0x7f90f05ab950>,25,3072,<function sigmoid at 0x7f90f05ab7b8>,<function categorical_crossentropy at 0x7f90f0601730>,0.05736597512964501,adam,0.5183199999904633,0.5092,1.3690291116714477,1.3330840914154052,0.5092,1.3690294815063477
6e3ab1d475bc4bc4a1672bafa747a9d9,,LOCAL,/home/olivier/M1/ML/projet/4aibd-s1-project-ml/default/apps/src/mModel/main.py,olivier,FINISHED,<function linear at 0x7fafc303b950>,25,3072,<function softmax at 0x7fafc303b378>,<function logcosh at 0x7fafc30916a8>,0.04959802644629906,adam,0.554439999961853,0.5131,0.02888560054898262,0.02657014936506748,0.5131,0.028885600954294204
d52b05aed2a647efa2a72bcc2511db58,,LOCAL,/home/olivier/M1/ML/projet/4aibd-s1-project-ml/default/apps/src/mModel/main.py,olivier,FINISHED,<function relu at 0x7fde4385e6a8>,25,3072,<function sigmoid at 0x7fde4385e7b8>,<function logcosh at 0x7fde438b46a8>,0.04533383661409434,Nadam,0.3518199998950958,0.3518,0.03529092420339584,0.03530762979388237,0.3518000019073486,0.03529092507362366
38b6a70129ad4e29936a2607cd965677,,LOCAL,/home/olivier/M1/ML/projet/4aibd-s1-project-ml/default/apps/src/mModel/main.py,olivier,FINISHED,<function elu at 0x7fbac73db488>,25,3072,<function softmax at 0x7fbac73db378>,<function categorical_crossentropy at 0x7fbac7431730>,0.08712611679810942,Nadam,0.43774000006675723,0.4307,1.5920590938568115,1.5595998686599732,0.4306999975681305,1.5920591579437255
4064f53a65364016891fb5a879922bf5,,LOCAL,/home/olivier/M1/ML/projet/4aibd-s1-project-ml/default/apps/src/mModel/main.py,olivier,FINISHED,<function elu at 0x7f64fd59b488>,25,3072,<function softmax at 0x7f64fd59b378>,<function categorical_crossentropy at 0x7f64fd5f1730>,0.028857711798640565,RMSprop,0.47727999996185305,0.4615,1.5036477718353272,1.4596665951156615,0.46149999980926515,1.5036477855682373
3ccad287328d493581ac3457925d2810,,LOCAL,/home/olivier/M1/ML/projet/4aibd-s1-project-ml/default/apps/src/mModel/main.py,olivier,FINISHED,<function elu at 0x7fd322369488>,25,3072,<function sigmoid at 0x7fd3223697b8>,<function binary_crossentropy at 0x7fd3223bf840>,0.06757152332369332,RMSprop,0.9192119836235046,0.9157099834442138,0.21881040954589845,0.20839947798728942,0.9157099822998047,0.21881041803359985
4075db2c17634ee9944771b5c856b500,,LOCAL,/home/olivier/M1/ML/projet/4aibd-s1-project-ml/default/apps/src/mModel/main.py,olivier,FINISHED,<function elu at 0x7f0a2f29e488>,25,3072,<function softmax at 0x7f0a2f29e378>,<function logcosh at 0x7f0a2f2f46a8>,0.07109268171791419,RMSprop,0.55892,0.5051,0.029094757890701293,0.0263396402156353,0.5051,0.02909475769996643
cbbaae043223477bb0e9cc8221315eb7,,LOCAL,/home/olivier/M1/ML/projet/4aibd-s1-project-ml/default/apps/src/mModel/main.py,olivier,FINISHED,<function elu at 0x7fc784d2b488>,25,3072,<function sigmoid at 0x7fc784d2b7b8>,<function mean_squared_error at 0x7fc784d812f0>,0.09924615642994979,<keras.optimizers.SGD object at 0x7fc7f9af9e80>,0.37827999998092654,0.377,0.07537340292930603,0.07540008237361907,0.377,0.07537340281009675
fabb31fa7bc045a6ac72a2a8a779213e,,LOCAL,/home/olivier/M1/ML/projet/4aibd-s1-project-ml/default/apps/src/mModel/main.py,olivier,FINISHED,<function linear at 0x7fb252d23950>,25,3072,<function sigmoid at 0x7fb252d237b8>,<function logcosh at 0x7fb252d796a8>,0.0469643464198319,<keras.optimizers.SGD object at 0x7fb2c7af1e48>,0.12358000000476838,0.165,0.04076137827038765,0.041829423878192905,0.165,0.04076137804389
c67e72789fa0463fab363501ca17e662,,LOCAL,/home/olivier/M1/ML/projet/4aibd-s1-project-ml/default/apps/src/mModel/main.py,olivier,FINISHED,<function linear at 0x7fe6b7359950>,25,3072,<function sigmoid at 0x7fe6b73597b8>,<function logcosh at 0x7fe6b73af6a8>,0.02830360022867039,adam,0.34263999999046324,0.397,0.03415587292313576,0.036203345651626584,0.3969999995708466,0.034155873203277586
a18ff771812743fc928dae731ae8ca5b,,LOCAL,/home/olivier/M1/ML/projet/4aibd-s1-project-ml/default/apps/src/mModel/main.py,olivier,FINISHED,<function linear at 0x7f11a9cb3950>,25,3072,<function sigmoid at 0x7f11a9cb37b8>,<function logcosh at 0x7f11a9d096a8>,0.09655200286316681,Nadam,0.3723200002384186,0.3791,0.03452302117943764,0.034623529027700425,0.3790999974727631,0.03452302123308182
4ec7fc336efd4c2598de426f43230426,,LOCAL,/home/olivier/M1/ML/projet/4aibd-s1-project-ml/default/apps/src/mModel/main.py,olivier,FINISHED,<function elu at 0x7f8705361488>,25,3072,<function softmax at 0x7f8705361378>,<function binary_crossentropy at 0x7f87053b7840>,0.018982266536909393,Nadam,0.928821986732483,0.9206799860000611,0.20359018588066102,0.1823095016860962,0.9206799860000611,0.20359018545150756
f7ae3bd1a1d942fd8d574ce3d968ed13,,LOCAL,/home/olivier/M1/ML/projet/4aibd-s1-project-ml/default/apps/src/mModel/main.py,olivier,FINISHED,<function elu at 0x7fe4be266488>,25,3072,<function softmax at 0x7fe4be266378>,<function categorical_crossentropy at 0x7fe4be2bc730>,0.04208956469253259,<keras.optimizers.SGD object at 0x7fe533034e80>,0.3815200000953674,0.3793,1.7144860723495483,1.7030852634048461,0.37929999980926515,1.7144860702514648
bc2150a8c2164de49fac439a8d6845f9,,LOCAL,/home/olivier/M1/ML/projet/4aibd-s1-project-ml/default/apps/src/mModel/main.py,olivier,FINISHED,<function elu at 0x7f686017d488>,25,3072,<function sigmoid at 0x7f686017d7b8>,<function binary_crossentropy at 0x7f68601d3840>,0.0023936676052989637,Nadam,0.9025419856643677,0.9052199745178222,0.24917739615440368,0.268564832906723,0.9052199578285217,0.249177396440506
6f3234181c8c413d865372ba441f4306,,LOCAL,/home/olivier/M1/ML/projet/4aibd-s1-project-ml/default/apps/src/mModel/main.py,olivier,FINISHED,<function relu at 0x7fd56a6b66a8>,25,3072,<function softmax at 0x7fd56a6b6378>,<function categorical_crossentropy at 0x7fd56a70c730>,0.0943302952223306,adam,0.3636600001716614,0.4035,1.6082182687759399,1.7139539263534547,0.4034999993801117,1.6082182657241821
df13dd84a86947c685b5a51de7598686,,LOCAL,/home/olivier/M1/ML/projet/4aibd-s1-project-ml/default/apps/src/mModel/main.py,olivier,FINISHED,<function relu at 0x7f4d19d076a8>,25,3072,<function sigmoid at 0x7f4d19d077b8>,<function categorical_crossentropy at 0x7f4d19d5d730>,0.09186618694048188,adam,0.3360400001525879,0.3839,1.6455572319030762,1.7523507217025758,0.38389999985694884,1.6455572431564331
f64e25d14686419aae11df9918a4d32d,,LOCAL,/home/olivier/M1/ML/projet/4aibd-s1-project-ml/default/apps/src/mModel/main.py,olivier,FINISHED,<function relu at 0x7f83835076a8>,25,3072,<function softmax at 0x7f8383507378>,<function categorical_crossentropy at 0x7f838355d730>,0.013581221105124755,RMSprop,0.4284000000762939,0.4203,1.6121637683868408,1.5815373167800904,0.42029999933242795,1.6121637447357178
a0e7bb7dbe6643acba64643683571c3a,,LOCAL,/home/olivier/M1/ML/projet/4aibd-s1-project-ml/default/apps/src/mModel/main.py,olivier,FINISHED,<function linear at 0x7f493e5b5950>,25,3072,<function softmax at 0x7f493e5b5378>,<function logcosh at 0x7f493e60b6a8>,0.03148544702397457,RMSprop,0.10098000001192092,0.0982,0.07822270045280456,0.07798121171712875,0.09830000005960464,0.078212657392025
39d79593be9b40dbafe789aabeee06f8,,LOCAL,/home/olivier/M1/ML/projet/4aibd-s1-project-ml/default/apps/src/mModel/main.py,olivier,FINISHED,<function elu at 0x7f0602e28488>,25,3072,<function sigmoid at 0x7f0602e287b8>,<function binary_crossentropy at 0x7f0602e7e840>,0.07953590986782466,RMSprop,0.9085759748649597,0.9085499765396118,0.24375577559471132,0.24223859136581422,0.9085499620437623,0.2437557749271393
b99b5cfd40b44bbba0147eb053238e06,,LOCAL,/home/olivier/M1/ML/projet/4aibd-s1-project-ml/default/apps/src/mModel/main.py,olivier,FINISHED,<function elu at 0x7f645cc5e488>,25,3072,<function sigmoid at 0x7f645cc5e7b8>,<function mean_squared_error at 0x7f645ccb42f0>,0.09823909546830274,Nadam,0.360180000038147,0.4029,0.073649549305439,0.07776124979019165,0.40289999895095824,0.07364955147504806
89751341cb5b433488e96142a303ff3b,,LOCAL,/home/olivier/M1/ML/projet/4aibd-s1-project-ml/default/apps/src/mModel/main.py,olivier,FINISHED,<function linear at 0x7f9ea90b7950>,25,3072,<function softmax at 0x7f9ea90b7378>,<function logcosh at 0x7f9ea910d6a8>,0.030978043097444473,Nadam,0.1,0.1,0.07808056585788727,0.07808056599617004,0.1,0.07808056590557098
24645ba17a3c45509390f5ea839fab13,,LOCAL,/home/olivier/M1/ML/projet/4aibd-s1-project-ml/default/apps/src/mModel/main.py,olivier,FINISHED,<function elu at 0x7f805e52f488>,25,3072,<function sigmoid at 0x7f805e52f7b8>,<function mean_squared_error at 0x7f805e5852f0>,0.07435627758705574,<keras.optimizers.SGD object at 0x7f80d32fde80>,0.11667999997615815,0.1591,0.09053015106916427,0.09409511029720306,0.15909999990463256,0.09053015125989913
a16d5f65ce034ddeb30ecc50c3dffdb9,,LOCAL,/home/olivier/M1/ML/projet/4aibd-s1-project-ml/default/apps/src/mModel/main.py,olivier,FINISHED,<function linear at 0x7f7c9f538950>,25,3072,<function sigmoid at 0x7f7c9f5387b8>,<function mean_squared_error at 0x7f7c9f58e2f0>,0.02556887227097756,RMSprop,0.09950000000953674,0.1007,0.10726014392375946,0.13666998431921004,0.1007000000834465,0.10725014328956604
d737811399db4ecb8c91b47efaf51841,,LOCAL,/home/olivier/M1/ML/projet/4aibd-s1-project-ml/default/apps/src/mModel/main.py,olivier,FINISHED,<function relu at 0x7f45d661e6a8>,25,3072,<function sigmoid at 0x7f45d661e7b8>,<function logcosh at 0x7f45d66746a8>,0.07405344486583465,adam,0.4174000000190735,0.4424,0.031870233941078185,0.03296382194876671,0.4424,0.031870233869552615
d3d1665966e844d0a59612e2e36ed5d5,,LOCAL,/home/olivier/M1/ML/projet/4aibd-s1-project-ml/default/apps/src/mModel/main.py,olivier,FINISHED,<function linear at 0x7f5c8e4a7950>,25,3072,<function sigmoid at 0x7f5c8e4a77b8>,<function binary_crossentropy at 0x7f5c8e4fd840>,0.09073496057540296,Nadam,0.9002100247573852,0.901309980392456,0.27538438143730165,0.295386742143631,0.9013100439071655,0.2753843807220459
5a6f8bb36dcf4ae2bb18f960a2313d62,,LOCAL,/home/olivier/M1/ML/projet/4aibd-s1-project-ml/default/apps/src/mModel/main.py,olivier,FINISHED,<function linear at 0x7ff02ebf8950>,25,3072,<function sigmoid at 0x7ff02ebf87b8>,<function categorical_crossentropy at 0x7ff02ec4e730>,0.018828097292883858,RMSprop,0.3928800001525879,0.3831,1.7222537805557252,1.6801337601852417,0.3831,1.7222538068771363
0fb5606877c94423a90778ba04cca0c8,,LOCAL,/home/olivier/M1/ML/projet/4aibd-s1-project-ml/default/apps/src/mModel/main.py,olivier,FINISHED,<function linear at 0x7f1ff57b0950>,25,3072,<function softmax at 0x7f1ff57b0378>,<function mean_squared_error at 0x7f1ff58062f0>,0.019220286452018436,Nadam,0.1,0.1,0.18000000429153443,0.1800000046110153,0.1,0.18000000400543212
9823378ca8bc4c7cb9061967db4f5dca,,LOCAL,/home/olivier/M1/ML/projet/4aibd-s1-project-ml/default/apps/src/mModel/main.py,olivier,FINISHED,<function linear at 0x7f22a060a950>,25,3072,<function softmax at 0x7f22a060a378>,<function categorical_crossentropy at 0x7f22a0660730>,0.05837738282675699,<keras.optimizers.SGD object at 0x7f23153d8e80>,0.2878000001525879,0.3116,1.8800853046417236,1.9244039237976074,0.31160000081062317,1.8800853031158447
d0cb17db03f6415181072ace39e55345,,LOCAL,/home/olivier/M1/ML/projet/4aibd-s1-project-ml/default/apps/src/mModel/main.py,olivier,FINISHED,<function relu at 0x7fc4041406a8>,25,3072,<function sigmoid at 0x7fc4041407b8>,<function binary_crossentropy at 0x7fc404196840>,0.0972849508489427,RMSprop,0.9239679822158814,0.9195699851989746,0.2080341667175293,0.19535533782958983,0.9195699848175048,0.20803416390419005
ab67ea005222491c84a00d20f361d0f5,,LOCAL,/home/olivier/M1/ML/projet/4aibd-s1-project-ml/default/apps/src/mModel/main.py,olivier,FINISHED,<function elu at 0x7f1dbde70488>,25,3072,<function softmax at 0x7f1dbde70378>,<function logcosh at 0x7f1dbdec66a8>,0.032216910797579615,Nadam,0.5959,0.5214,0.028653678688406944,0.02451705408871174,0.5214,0.02865367864072323
dd936105e3b8413b9a8e5a8f618a77ef,,LOCAL,/home/olivier/M1/ML/projet/4aibd-s1-project-ml/default/apps/src/mModel/main.py,olivier,FINISHED,<function linear at 0x7fdb99342950>,25,3072,<function sigmoid at 0x7fdb993427b8>,<function logcosh at 0x7fdb993986a8>,0.05736164090515667,RMSprop,0.3820199999809265,0.4116,0.033209159541130066,0.03458474925637245,0.41160000014305115,0.03320916026234627
180e2e9552564060ae1a01e2b2656792,,LOCAL,/home/olivier/M1/ML/projet/4aibd-s1-project-ml/default/apps/src/mModel/main.py,olivier,FINISHED,<function relu at 0x7f63086756a8>,25,3072,<function sigmoid at 0x7f63086757b8>,<function logcosh at 0x7f63086cb6a8>,0.0654442080777465,<keras.optimizers.SGD object at 0x7f637d443e80>,0.10012000005722047,0.1005,0.043442286705970765,0.04343857040405273,0.10050000017881393,0.04344228444695473
0f4abe0bb8fd48eca011883f0d4d8207,,LOCAL,/home/olivier/M1/ML/projet/4aibd-s1-project-ml/default/apps/src/mModel/main.py,olivier,FINISHED,<function elu at 0x7f5eae4b7488>,25,3072,<function sigmoid at 0x7f5eae4b77b8>,<function categorical_crossentropy at 0x7f5eae50d730>,0.025970612795654224,Nadam,0.3391800000667572,0.3791,1.6886425899505615,1.784828638496399,0.37909999890327456,1.6886425918579102
116d3b2bb95c4c5e846012365d24d793,,LOCAL,/home/olivier/M1/ML/projet/4aibd-s1-project-ml/default/apps/src/mModel/main.py,olivier,FINISHED,<function linear at 0x7fe50aa5a950>,25,3072,<function softmax at 0x7fe50aa5a378>,<function binary_crossentropy at 0x7fe50aab0840>,0.09671408595873643,RMSprop,0.9057340282821655,0.9046799751281738,0.25822701306343077,0.2541059903049469,0.9046800004005432,0.2582270071029663
28a089fa19994e5a907a43b38eb5580a,,LOCAL,/home/olivier/M1/ML/projet/4aibd-s1-project-ml/default/apps/src/mModel/main.py,olivier,FINISHED,<function relu at 0x7f5711b846a8>,25,3072,<function sigmoid at 0x7f5711b847b8>,<function categorical_crossentropy at 0x7f5711bda730>,0.0851987581295146,<keras.optimizers.SGD object at 0x7f5786952e80>,0.2932799999809265,0.3421,1.808690641784668,1.8956719985961914,0.3421000002384186,1.808690622329712
e38a6c36d68642459be5a30e8b9dad4c,,LOCAL,/home/olivier/M1/ML/projet/4aibd-s1-project-ml/default/apps/src/mModel/main.py,olivier,FINISHED,<function relu at 0x7ff3c13d46a8>,25,3072,<function softmax at 0x7ff3c13d4378>,<function mean_squared_error at 0x7ff3c142a2f0>,0.005218932257942697,adam,0.57388,0.5268,0.0608212296128273,0.05560450577020645,0.5268,0.06082122958898544
959cd7c2d88645cf9ac4363332f59559,,LOCAL,/home/olivier/M1/ML/projet/4aibd-s1-project-ml/default/apps/src/mModel/main.py,olivier,FINISHED,<function relu at 0x7f5cdb8326a8>,25,3072,<function sigmoid at 0x7f5cdb8327b8>,<function categorical_crossentropy at 0x7f5cdb888730>,0.036023552151389096,RMSprop,0.5398399999618531,0.511,1.3570348611831664,1.276403544960022,0.511,1.357035584640503
8335d4b4e4554b2bab608c08072a741f,,LOCAL,/home/olivier/M1/ML/projet/4aibd-s1-project-ml/default/apps/src/mModel/main.py,olivier,FINISHED,<function elu at 0x7f2903b4d488>,25,3072,<function softmax at 0x7f2903b4d378>,<function binary_crossentropy at 0x7f2903ba3840>,0.048795879059410525,Nadam,0.917523980884552,0.9150099812507629,0.22168582043647767,0.21417419137001037,0.9150099855422974,0.22168582813739776
799ece1001284d5d82cc76893fe26908,,LOCAL,/home/olivier/M1/ML/projet/4aibd-s1-project-ml/default/apps/src/mModel/main.py,olivier,FINISHED,<function relu at 0x7fabe988f6a8>,25,3072,<function softmax at 0x7fabe988f378>,<function mean_squared_error at 0x7fabe98e52f0>,0.03947904147547644,<keras.optimizers.SGD object at 0x7fac5e65de80>,0.12371999999523163,0.127,0.0889859252691269,0.08910027655363083,0.12699999997615813,0.08898592519760132
54212b95665947c9b3894ed3bb6d8b06,,LOCAL,/home/olivier/M1/ML/projet/4aibd-s1-project-ml/default/apps/src/mModel/main.py,olivier,FINISHED,<function elu at 0x7f1c66c37488>,25,3072,<function sigmoid at 0x7f1c66c377b8>,<function categorical_crossentropy at 0x7f1c66c8d730>,0.018189630070291812,<keras.optimizers.SGD object at 0x7f1cdba05e80>,0.15524000009059907,0.1811,2.2518284912109374,2.2652667763519285,0.18110000092983247,2.251828472518921
10ef309b63174b3d89ae23fcfccc3835,,LOCAL,/home/olivier/M1/ML/projet/4aibd-s1-project-ml/default/apps/src/mModel/main.py,olivier,FINISHED,<function linear at 0x7f88fcb31950>,25,3072,<function sigmoid at 0x7f88fcb317b8>,<function mean_squared_error at 0x7f88fcb872f0>,0.06386019846087444,adam,0.42072000015258787,0.4268,0.07192084428071975,0.07212802477359771,0.42680000076293945,0.07192084347009658
274718e451d24a7bba4370598a07965f,,LOCAL,/home/olivier/M1/ML/projet/4aibd-s1-project-ml/default/apps/src/mModel/main.py,olivier,FINISHED,<function linear at 0x7ff05ff54950>,25,3072,<function softmax at 0x7ff05ff54378>,<function categorical_crossentropy at 0x7ff05ffaa730>,0.04123323133167811,<keras.optimizers.SGD object at 0x7ff0d4d22e80>,0.09999999997615815,0.1,14.506285665893556,14.506285565185546,0.09999999951124192,14.506285568237304
de6105f591954d048945421aab94b4aa,,LOCAL,/home/olivier/M1/ML/projet/4aibd-s1-project-ml/default/apps/src/mModel/main.py,olivier,FINISHED,<function relu at 0x7ff4d77366a8>,25,3072,<function sigmoid at 0x7ff4d77367b8>,<function mean_squared_error at 0x7ff4d778c2f0>,0.019883558950868577,adam,0.34713999990463257,0.3698,0.07574114986658097,0.07871104797840119,0.3698000008583069,0.07574114998579025
48e314b31cba460c852b0432a2d2581c,,LOCAL,/home/olivier/M1/ML/projet/4aibd-s1-project-ml/default/apps/src/mModel/main.py,olivier,FINISHED,<function elu at 0x7fc4fddc0488>,25,3072,<function sigmoid at 0x7fc4fddc07b8>,<function mean_squared_error at 0x7fc4fde162f0>,0.0251059965325183,RMSprop,0.3863600000667572,0.3953,0.07344342175722123,0.07509788163423538,0.3953000002384186,0.07344341992139816
dbadf1c92d414ae09d62623f756b2059,,LOCAL,/home/olivier/M1/ML/projet/4aibd-s1-project-ml/default/apps/src/mModel/main.py,olivier,FINISHED,<function linear at 0x7f1399004950>,25,3072,<function softmax at 0x7f1399004378>,<function logcosh at 0x7f139905a6a8>,0.06393160708308909,adam,0.43342000002861025,0.4314,0.03244536944627762,0.03227396950244903,0.43140000042915344,0.03244536999464035
48f6e7dc0d774e1baf168a4516198da3,,LOCAL,/home/olivier/M1/ML/projet/4aibd-s1-project-ml/default/apps/src/mModel/main.py,olivier,FINISHED,<function elu at 0x7f5893df3488>,25,3072,<function sigmoid at 0x7f5893df37b8>,<function categorical_crossentropy at 0x7f5893e49730>,0.011326525885172443,Nadam,0.5261600000762939,0.5097,1.3742451259613038,1.3077731215667725,0.5096999999523163,1.374236011314392
bb573107517545d983b9afd6207f0e43,,LOCAL,/home/olivier/M1/ML/projet/4aibd-s1-project-ml/default/apps/src/mModel/main.py,olivier,FINISHED,<function relu at 0x7fed79d376a8>,25,3072,<function softmax at 0x7fed79d37378>,<function mean_squared_error at 0x7fed79d8d2f0>,0.08130118274332239,RMSprop,0.2969400002384186,0.312,0.0803049346446991,0.08090127202033996,0.3119999985218048,0.08030493559837341
f0c68697093f4dbfa4efc52c609656e4,,LOCAL,/home/olivier/M1/ML/projet/4aibd-s1-project-ml/default/apps/src/mModel/main.py,olivier,FINISHED,<function linear at 0x7fcbad074950>,25,3072,<function sigmoid at 0x7fcbad0747b8>,<function logcosh at 0x7fcbad0ca6a8>,0.02539558895522913,RMSprop,0.10034,0.1007,0.050924986135959624,0.048253786160945895,0.1008,0.05095927904844284
0c841d30175b4249b8256cd65b9d65c3,,LOCAL,/home/olivier/M1/ML/projet/4aibd-s1-project-ml/default/apps/src/mModel/main.py,olivier,FINISHED,<function relu at 0x7fabea50a6a8>,25,3072,<function sigmoid at 0x7fabea50a7b8>,<function categorical_crossentropy at 0x7fabea560730>,0.05489849190304316,<keras.optimizers.SGD object at 0x7fac5f2d8e80>,0.27040000011444093,0.2914,1.9520196434020995,1.99736448223114,0.2913999987125397,1.9520196296691894
f102e2abc6a74bda961283851c855518,,LOCAL,/home/olivier/M1/ML/projet/4aibd-s1-project-ml/default/apps/src/mModel/main.py,olivier,FINISHED,<function relu at 0x7f91c33e96a8>,25,3072,<function softmax at 0x7f91c33e9378>,<function logcosh at 0x7f91c343f6a8>,0.07000203939146231,adam,0.5038600000190735,0.4805,0.030208749824762345,0.029018621028065683,0.4805,0.030208749735355377
b69f223a4dfd450f985dca6c08059670,,LOCAL,/home/olivier/M1/ML/projet/4aibd-s1-project-ml/default/apps/src/mModel/main.py,olivier,FINISHED,<function relu at 0x7f98967e76a8>,25,3072,<function softmax at 0x7f98967e7378>,<function categorical_crossentropy at 0x7f989683d730>,0.08303350093175936,Nadam,0.43050000016212464,0.4278,1.605136699295044,1.577287933883667,0.4278000019073486,1.6051367776870729
d7729abc28ed49a7aa1b97297cd75b70,,LOCAL,/home/olivier/M1/ML/projet/4aibd-s1-project-ml/default/apps/src/mModel/main.py,olivier,FINISHED,<function linear at 0x7f794dfca950>,25,3072,<function sigmoid at 0x7f794dfca7b8>,<function categorical_crossentropy at 0x7f794e020730>,0.06973321805309056,adam,0.5008800000858307,0.4929,1.4180075464248658,1.3812051071548461,0.4929000000476837,1.4180075735092164
871df970dbce4805b9cd7c9ba21d439f,,LOCAL,/home/olivier/M1/ML/projet/4aibd-s1-project-ml/default/apps/src/mModel/main.py,olivier,FINISHED,<function linear at 0x7f84b225e950>,25,3072,<function softmax at 0x7f84b225e378>,<function mean_squared_error at 0x7f84b22b42f0>,0.07279572362052077,<keras.optimizers.SGD object at 0x7f852702ce80>,0.11884000005960464,0.141,0.0894617544412613,0.08993479176998138,0.1410000006198883,0.08946175355911255
fe7eb024385843848f4bed472b99fb20,,LOCAL,/home/olivier/M1/ML/projet/4aibd-s1-project-ml/default/apps/src/mModel/main.py,olivier,FINISHED,<function linear at 0x7fc334549950>,25,3072,<function sigmoid at 0x7fc3345497b8>,<function categorical_crossentropy at 0x7fc33459f730>,0.025473558765573813,RMSprop,0.42838000003814697,0.4109,1.6306375717163086,1.5791998611450195,0.4109000007629395,1.6306376382827759
8692c7abbfa442f78a5d6040f67397e8,,LOCAL,/home/olivier/M1/ML/projet/4aibd-s1-project-ml/default/apps/src/mModel/main.py,olivier,FINISHED,<function elu at 0x7fcd918b6488>,25,3072,<function sigmoid at 0x7fcd918b67b8>,<function binary_crossentropy at 0x7fcd9190c840>,0.032538217542948916,RMSprop,0.924067983417511,0.9177399845123291,0.21513871688842773,0.1953063936471939,0.9177399820327758,0.2151384651184082
68dd80680f4543a1914f7fa13f16094f,,LOCAL,/home/olivier/M1/ML/projet/4aibd-s1-project-ml/default/apps/src/mModel/main.py,olivier,FINISHED,<function linear at 0x7f7602cd6950>,25,3072,<function softmax at 0x7f7602cd6378>,<function logcosh at 0x7f7602d2c6a8>,0.06824200709347,<keras.optimizers.SGD object at 0x7f7677aa4e80>,0.16729999999046324,0.1676,0.039523622822761534,0.039651523597240446,0.167600000166893,0.039523622822761534
d726deab4ec84aaa88ab3f1eb99f92e7,,LOCAL,/home/olivier/M1/ML/projet/4aibd-s1-project-ml/default/apps/src/mModel/main.py,olivier,FINISHED,<function linear at 0x7f4dd8497950>,25,3072,<function softmax at 0x7f4dd8497378>,<function binary_crossentropy at 0x7f4dd84ed840>,0.03998523494256965,Nadam,0.8199440232849121,0.8200800197601318,2.8841604621887207,2.8863406408691406,0.8200800110816956,2.884160572433472
1384fb5e73f74b3c8becb57f541ed3c0,,LOCAL,/home/olivier/M1/ML/projet/4aibd-s1-project-ml/default/apps/src/mModel/main.py,olivier,FINISHED,<function linear at 0x7fb0c3397950>,25,3072,<function sigmoid at 0x7fb0c33977b8>,<function logcosh at 0x7fb0c33ed6a8>,0.04172225517347422,Nadam,0.3986600002288818,0.397,0.03381685660481453,0.0336944100010395,0.3970000005722046,0.03381685549020767
cda5a8a6626641f78b4ccbd3d4d3c661,,LOCAL,/home/olivier/M1/ML/projet/4aibd-s1-project-ml/default/apps/src/mModel/main.py,olivier,FINISHED,<function elu at 0x7f2e6df4b488>,25,3072,<function softmax at 0x7f2e6df4b378>,<function logcosh at 0x7f2e6dfa16a8>,0.07004307312491466,Nadam,0.5107600004768371,0.4831,0.03022722880244255,0.028716082945466043,0.48310000109672546,0.03022722896039486
6741956932e749a3af79021dd1ab1fb7,,LOCAL,/home/olivier/M1/ML/projet/4aibd-s1-project-ml/default/apps/src/mModel/main.py,olivier,FINISHED,<function linear at 0x7f95a71f8950>,25,3072,<function softmax at 0x7f95a71f8378>,<function logcosh at 0x7f95a724e6a8>,0.04892395394820801,RMSprop,0.47034,0.4678,0.030760008174180984,0.03086320224404335,0.4678,0.030760007965564728
6ad9b7438eab4927a2732b04530e55ca,,LOCAL,/home/olivier/M1/ML/projet/4aibd-s1-project-ml/default/apps/src/mModel/main.py,olivier,FINISHED,<function elu at 0x7ff4bb4cc488>,25,3072,<function sigmoid at 0x7ff4bb4cc7b8>,<function mean_squared_error at 0x7ff4bb5222f0>,0.07003089730523165,RMSprop,0.5322199999809265,0.4983,0.06413809913396835,0.06068021319150925,0.4983,0.06413809859752655
24b7b71b40a74e0f962b647735007f8d,,LOCAL,/home/olivier/M1/ML/projet/4aibd-s1-project-ml/default/apps/src/mModel/main.py,olivier,FINISHED,<function elu at 0x7f49bea04488>,25,3072,<function softmax at 0x7f49bea04378>,<function logcosh at 0x7f49bea5a6a8>,0.0940167551136448,RMSprop,0.4758599998474121,0.4544,0.03152827842235565,0.030371363639831544,0.4544000000476837,0.03152827815413475
920482d381624856a9c419977a99c0b1,,LOCAL,/home/olivier/M1/ML/projet/4aibd-s1-project-ml/default/apps/src/mModel/main.py,olivier,FINISHED,<function relu at 0x7fd6795216a8>,25,3072,<function sigmoid at 0x7fd6795217b8>,<function mean_squared_error at 0x7fd6795772f0>,0.041307792255961914,RMSprop,0.53874,0.4906,0.06577606058120727,0.059508372856378555,0.4906,0.06577606079578399
6dbfcee3b3c7405cb1a8e146e29bbd84,,LOCAL,/home/olivier/M1/ML/projet/4aibd-s1-project-ml/default/apps/src/mModel/main.py,olivier,FINISHED,<function relu at 0x7f9a2944f6a8>,25,3072,<function softmax at 0x7f9a2944f378>,<function logcosh at 0x7f9a294a56a8>,0.08921670699818335,Nadam,0.10154,0.101,0.07799380986690521,0.0779469616651535,0.101,0.07799381046295166
53d5ebbaa02242b7941af74a23842a23,,LOCAL,/home/olivier/M1/ML/projet/4aibd-s1-project-ml/default/apps/src/mModel/main.py,olivier,FINISHED,<function elu at 0x7f5027582488>,25,3072,<function sigmoid at 0x7f50275827b8>,<function logcosh at 0x7f50275d86a8>,0.09249051132610579,adam,0.52798,0.4984,0.029268294751644136,0.027867332161664964,0.4984,0.029268295061588286
3d515df1bc1242a5b375b8acf05f4846,,LOCAL,/home/olivier/M1/ML/projet/4aibd-s1-project-ml/default/apps/src/mModel/main.py,olivier,FINISHED,<function relu at 0x7f5acdb416a8>,25,3072,<function softmax at 0x7f5acdb41378>,<function binary_crossentropy at 0x7f5acdb97840>,0.0004931189322008043,<keras.optimizers.SGD object at 0x7f5b4290fe80>,0.8999999761581421,0.8999999761581421,0.32500754690170286,0.32502498536109925,0.8999999761581421,0.3250075477600098
d8b2b107f6d1415da8d24afa66ad96cd,,LOCAL,/home/olivier/M1/ML/projet/4aibd-s1-project-ml/default/apps/src/mModel/main.py,olivier,FINISHED,<function elu at 0x7fd60a1e0488>,25,3072,<function sigmoid at 0x7fd60a1e07b8>,<function logcosh at 0x7fd60a2366a8>,0.05776209174442909,adam,0.38337999990463256,0.3911,0.034006271648406985,0.03434462163805962,0.39110000038146975,0.03400627166032791
376fec82092f444faeef4ba00fceff7d,,LOCAL,/home/olivier/M1/ML/projet/4aibd-s1-project-ml/default/apps/src/mModel/main.py,olivier,FINISHED,<function linear at 0x7fef53279950>,25,3072,<function sigmoid at 0x7fef532797b8>,<function logcosh at 0x7fef532cf6a8>,0.055077784789865115,RMSprop,0.1,0.1,0.04337809234857559,0.04337809234857559,0.1,0.04337809234857559
d554c4f76c49496db7438f8293952b60,,LOCAL,/home/olivier/M1/ML/projet/4aibd-s1-project-ml/default/apps/src/mModel/main.py,olivier,FINISHED,<function linear at 0x7ff4fa74f950>,25,3072,<function softmax at 0x7ff4fa74f378>,<function binary_crossentropy at 0x7ff4fa7a5840>,0.0036313491377372516,Nadam,0.8200060165405273,0.8200000166893006,2.8854428813934327,2.8852939417266845,0.8200000149726868,2.8854428722381593
58e2b2aa92254db7b88ea3b7d61ba802,,LOCAL,/home/olivier/M1/ML/projet/4aibd-s1-project-ml/default/apps/src/mModel/main.py,olivier,FINISHED,<function linear at 0x7f7ebc350950>,25,3072,<function softmax at 0x7f7ebc350378>,<function categorical_crossentropy at 0x7f7ebc3a6730>,0.060393823661850365,adam,0.39942000005722045,0.4115,1.6627901943206786,1.6648307914733886,0.4114999990940094,1.6627901447296143
